Account_ID,Account_Name,Account_Name_English,Account_Code,Account_Group,Account_Group_Code,Account_Status,Customer_Class,Sales_Area,Phone,Phone_1,Office_Phone,Factory_Phone,Website,Facebook,Billing_City,Billing_Province,Billing_Country,Shipping_City,Shipping_Province,Shipping_Country,Thai_Tax_ID,Register_Capital,Created_Time,Modified_Time,Last_Activity_Time,Owner,Tags,Industry,Org_Type,TSIC_ID,Billing_Street,Vol_FIBC_Per_Years,FIBC_Sling_Usage_Year
3015191000021222000,เก๋าไซร์ ไอซ์ หนองบัวลำภู,,0522AE,,,NonActive,,QCentral,0-,,0982651245,042375173,,,โนนสัง,หนองบัวลำภู,ไทย,,,,0393562000607,1000000,20210506T17:02:20+07:00,20250602T13:29:18+07:00,20250602T13:29:29+07:00,วีรวรรณ รอบแคว้น,PPW 010k,1.2.2.1 โรงน้ำแข็ง,ห้างหุ้นส่วนจำกัด,,178 หมู่ที่ 7 ต.หนองสัง,,
3015191000013408000,นำโชค 888,,0524AA,,,Active,,QNorth,0-,,0898967577,,,,,ลพบุรี,,,,,0195561000259,,20200831T16:35:46+07:00,20250513T15:27:06+07:00,20251215T16:25:57+07:00,วีรวรรณ รอบแคว้น,PPW 20k50k,1.1.1.1 โรงงานอาหารสัตว์ Feedmill Company,บริษัทจำกัด,10802,999/6 หมู่ที่ 9 ต.พัฒนานิคม อ.พัฒนานิคม จ.ลพบุรี,,
3015191000013705000,โรงน้ำแข็งชลสิทธิ์,,,,,Active,,QNorth,0920648999,0911982464,0920648999,0944504419,,,อ.วิเชียรบุรี,เพชรบูรณ์,,,,,0673561000767,,20200910T13:19:23+07:00,20240808T09:35:33+07:00,20251117T10:25:16+07:00,สุนิษา ภิญโญ,PPW 010k,1.2.2.1 โรงน้ำแข็ง,บริษัทจำกัด,10795,87 ม.17 ต.ท่าโรง,,
3015191000052852000,ราชสาส์น ไรซ์ อินเตอร์เทรด,,,,,New Accounts,,QEast,0921212820,,,,,,,ฉะเชิงเทรา,,,,,0245553001810,50000000,20231012T08:40:01+07:00,20240722T17:06:05+07:00,20250519T11:33:53+07:00,สุนิสา กล้าแข็ง,,1.2.1.2 ข้าวส่งออก,บริษัทจำกัด,10611,28 หมู่ที่ 10 ตำบลดงน้อย อำเภอราชสาส์น,,
3015191000033735000,เจียไต๋,,,,,New Accounts,,QNorth,02-4918191,,035 367 708,,,,,กรุงเทพมหานคร,,,พระนครศรีอยุธยา,,0105526049913,,20220427T14:48:20+07:00,20250421T17:06:17+07:00,20251215T16:23:38+07:00,วีรวรรณ รอบแคว้น,,2.1.1 ปุ๋ยเคมี,บริษัทจำกัด,,1 ซอยสุขุมวิท 60 แขวงพระโขนงใต้ เขตพระโขนง กรุงเทพมหานคร,,
3015191000019436000,เก้ากิรติ,,0531AA,,,Active,,QNorth,053-016-251,,0813532560,,,,,ลพบุรี,,,,,0163555000755,,20210302T13:37:54+07:00,20250613T15:12:04+07:00,20251225T13:33:44+07:00,สุนิษา ภิญโญ,PPW 10k20k,1.2.2.1 โรงน้ำแข็ง,ห้างหุ้นส่วนจำกัด,10795,6/6 หมู่ที่ 6 ต.ป่าตาล อ.เมืองลพบุรี,,
3015191000024868000,แสงทอง อาหารสัตว์,,0580AA,,,NonActive,,QCentral,0-2152-7322,,0923807772,,https://www.akaragroup.co.th/stf,,,นครนายก,,,นครนายก,,0265557000095,400000000,20210817T13:41:27+07:00,20240722T12:54:03+07:00,20251215T16:24:12+07:00,วีรวรรณ รอบแคว้น,PPW 20k50k,1.1.1.1 โรงงานอาหารสัตว์ Feedmill Company,บริษัทจำกัด,10802,211 หมู่ 10 ต.ป่าขะ อ.บ้านนา จ.นครนายก 26110,,
3015191000071405000,ส.สักเกษตร ท่าชนะ,,,,,,,QSouth,07738166,,077 381 004,,,,,สุราษฎร์ธานี,,,,,0843554001433,1000000,20241113T09:31:49+07:00,20250520T14:57:37+07:00,20251119T14:39:13+07:00,กมลรัตน์ เทศนีย์,,2.1.3 เคมีการเกษตร,ห้างหุ้นส่วนจำกัด,46692,201/1 หมู่ที่ 1 ตำบลสมอทอง อำเภอท่าชนะ จังหวัดสุราษฎร์ธานี,,
3015191000079519000,สวรรคโลกเสริมวัฒนา,,,,,,,QNorth,0924155654,,,,,,,สุโขทัย,,,,,0645504000020,10000000,20250425T13:12:23+07:00,20251119T14:44:51+07:00,20251119T14:46:19+07:00,สุนิษา ภิญโญ,,1.2.2.1 โรงน้ำแข็ง,บริษัทจำกัด,,14 ถนนจรดวิถีถ่อง ต.ในเมือง อ.สวรรคโลก,,
3015191000056209400,พี.เอส.ซี. สตาร์ช (จันทบุรี),,,,,New Accounts,,QEast,038-219730,,,,,,,ชลบุรี,,,,,0205561036694,5000000,20240104T14:15:53+07:00,20240722T17:02:51+07:00,20251029T09:51:09+07:00,สุนิสา กล้าแข็ง,,1.2.3.1 โรงงานแป้งมัน,บริษัทจำกัด,10622,999 หมู่ที่ 5 ต.หนองใหญ่ อ.หนองใหญ่,,
3015191000049421300,ไทยเกษตรผลสุพรรณบุรี,,,,,New Accounts,,QWest,0924643686,,035531322,,,,,สุพรรณบุรี,,,,,0723531000296,500000,20230716T18:55:09+07:00,20240925T13:52:38+07:00,20251215T09:44:57+07:00,ชินดนัย ศรีธรรม,ก้อง,1.2.1.1 ข้าวตรา,บริษัทจำกัด,10611,9 หมู่ที่ 2 ตำบลศรีสำราญ อำเภอสองพี่น้อง,,
3015191000029645300,บิลเลี่ยน เอ็นเตอร์ไพรส์,,,,,New Accounts,,QEast,0 2848 4971-4,,028484949,,,,,สมุทรปราการ,,,สมุทรปราการ,,0115542001431,31000000,20211221T15:03:19+07:00,20250402T15:38:01+07:00,20251215T09:44:58+07:00,สุนิสา กล้าแข็ง,,2.3.2 Plastic Compound Resin,บริษัทจำกัด,,408 หมู่ที่ 2 ต.บ้านคลองสวน อ.พระสมุทรเจดีย์,,
3015191000029349400,เอ.ซี.พลาส,,,,,New Accounts,,QEast,0925969914,0925969914,,,,,,ฉะเชิงเทรา,,,,,0105555110731,5000000,20211213T14:19:02+07:00,20250108T13:59:12+07:00,20251009T12:59:49+07:00,สุนิสา กล้าแข็ง,,2.3.2 Plastic Compound Resin,บริษัทจำกัด,20131,36/5 หมู่ที่ 20 ต.ศาลาแดง อ.บางน้ำเปรี้ยว,,
3015191000016215000,สุวรรณธัญญกิจ (2002),,,,,New Accounts,,QNorth,0926352322,092 483 1443,036510272,,,,,สิงห์บุรี,,,,,0175561000224,,20201124T15:10:25+07:00,20240722T17:06:54+07:00,20251215T09:44:59+07:00,สุนิษา ภิญโญ,,1.2.1.1 ข้าวตรา,บริษัทจำกัด,52109,34/4 หมู่ที่ 10 ต.ไม้ดัด อ.บางระจัน,,
3015191000045537000,ซูเปอร์เซฟ​ เคมีคอล,,,,,New Accounts,,QNorth,0926621399,,0927075825,,,,,ลพบุรี,,,,,,,20230324T09:22:51+07:00,20240722T16:59:01+07:00,20250424T14:23:49+07:00,สุนิษา ภิญโญ,เลิกกิจการ,2.1.1 ปุ๋ยเคมี,ห้างหุ้นส่วนจำกัด,,144 หมู่ที่ 4 ตำบลมะนาวหวาน อำเภอพัฒนานิคม,,
3015191000030696000,วารีเทพบ้านโคก,,,,,New Accounts,,QEast,0927161112,,,,,,,ปราจีนบุรี,,,,,0255559001447,5000000,20220120T09:34:19+07:00,20250319T11:40:31+07:00,20251006T13:38:12+07:00,สุนิสา กล้าแข็ง,,1.2.2.1 โรงน้ำแข็ง,บริษัทจำกัด,10795,1199 หมู่ที่ 9 ต.หนองกี่ อ.กบินทร์บุรี จ.ปราจีนบุรี,,
3015191000015311400,ชัยยุทธน้ำแข็งหลอด,,,,,New Accounts,,QCentral,0927209417,062 563 2933,025268914,,,,เมืองนนทบุรี,นนทบุรี,,,,,0123537002393,,20201030T13:27:04+07:00,20241223T17:17:16+07:00,20251030T14:55:03+07:00,วีรวรรณ รอบแคว้น,PPW 010k,1.2.2.1 โรงน้ำแข็ง,ห้างหุ้นส่วนจำกัด,10795,155 ซอยนนทบุรี 6 ต.ตลาดขวัญ,,
3015191000017952300,เทียนกิจสมบูรณ์,,,,,New Accounts,,QEast,0927894958,,024611504,,,,,สมุทรปราการ,,,,,0113557003999,,20210113T11:23:19+07:00,20250528T15:59:18+07:00,20250528T16:01:44+07:00,สุนิสา กล้าแข็ง,PPW 010k,1.2.2.1 โรงน้ำแข็ง,ห้างหุ้นส่วนจำกัด,10795,33/6 หมู่ที่ 8 ถนนสุขสวัสดิ์ ต.ในคลองบางปลากด อ.พระสมุทรเจดีย์ จ.สมุทรปราการ,,
3015191000007652400,ซี.ซี.ฟู้ดแลนด์,,0032AA,0032ซี.ซีฟูดส์แลนด์,032,Active,,QWest,0-2961-7315,,,,,,,สุพรรณบุรี,,,,,0723533000129,,20190913T14:38:04+07:00,20250403T18:33:05+07:00,20251215T09:45:01+07:00,อิสราวลี ตนเสาวภาคย์ชลที,"mook  ไม่มีข้อมูล, ก้อง",1.1.1.1 โรงงานอาหารสัตว์ Feedmill Company,ห้างหุ้นส่วนจำกัด,10802,99 ถนนบางลี่หนองวัลย์เปรียง ต.ทุ่งคอก สองพี่น้อง จังหวัดสุพรรณบุรี,,
3015191000040205000,แอล.ดี.ซี.ทราฟฟิค,,,,,New Accounts,,QCentral,0928352624,,036329633,,,,,สระบุรี,,,,,0195559000671,5000000,20221109T21:33:39+07:00,20250602T09:29:57+07:00,20251204T13:48:41+07:00,วีรวรรณ รอบแคว้น,PPW 010k,2.2.3 สีทาถนน,บริษัทจำกัด,42101,38 หมู่ที่ 9 ตำบลหัวปลวก อำเภอเสาไห้,,
3015191000036800000,น้ำตาลมิตรลาว,,0008AN,,,Active,,Key Account,0-,,,,,,,,,,,,,,20220803T13:26:05+07:00,20250426T09:48:28+07:00,20251218T17:18:45+07:00,ปุณยวีร์ สพัดรัมย์,"mook  ไม่มีข้อมูล, บริษัทต่างชาติNoThaiTaxID",1.2.4.1 โรงงานน้ำตาล,บริษัทจำกัด,,111 หน่วย 10 บ้านแก้งแฮด เมืองไซบูลี แขวงสะหวันนะเขต สปป.ลาว,,
3015191000085892000,จีรวดี ไรซ์,,,,,,,QNorth,0-,,,,,,,ชัยนาท,,,,,0185566000800,36500000,20250922T10:30:05+07:00,20250924T08:28:06+07:00,20251216T14:59:04+07:00,สุนิษา ภิญโญ,,1.2.1.1 ข้าวตรา,บริษัทจำกัด,,119 หมู่ที่ 2 ตำบลกุดจอก อำเภอหนองมะโมง,,
3015191000083519000,ทีวีเอฟ(2002),,,,,,,QNorth,0931400785,,053712515,,,,,เชียงราย,,,,,0575545000408,70000000,20250718T08:23:30+07:00,20250905T09:44:25+07:00,20251216T15:02:02+07:00,สุนิษา ภิญโญ,,1.1.2.2 ปลาป่น,บริษัทจำกัด,,96/45 อาคารทีวีเอฟ ถนนราชโยธา ตำบลเวียง อำเภอเมืองเชียงราย,,
3015191000046606300,โรงสีร่วมเจริญพัฒนาการข้าว,,,,,New Accounts,,QNorth,056-657201-23,,056657316,0846209400,,,,พิจิตร,,,,,0665551000111,200000000,20230427T11:59:49+07:00,20241114T15:01:08+07:00,20251215T16:23:12+07:00,สุนิษา ภิญโญ,,1.2.1.1 ข้าวตรา,บริษัทจำกัด,10611,1/3 หมู่ที่ 4 ตำบลวังตะกู อำเภอบางมูลนาก,,
3015191000014479000,เคทิส ปุ๋ยชีวภาพ,,,,,New Accounts,,QNorth,056338333,,0612654466,,,,,นครสวรรค์,,,,,0605554000708,,20201002T14:15:51+07:00,20240722T17:07:09+07:00,20251215T09:44:59+07:00,สุนิษา ภิญโญ,PPW 10k20k,2.1.1 ปุ๋ยเคมี,บริษัทจำกัด,20121,888 หมู่ที่ 14 ตำบลหนองโพ อำเภอตาคลี,,
3015191000023514000,นิว ปุ๋ยไทยอินเตอร์,,,,,New Accounts,,QWest,0932146824,,,,,,,กาญจนบุรี,,,,,0715546000167,22000000,20210716T08:42:11+07:00,20240722T16:59:59+07:00,20251215T09:44:58+07:00,อิสราวลี ตนเสาวภาคย์ชลที,โม,2.1.1 ปุ๋ยเคมี,บริษัทจำกัด,20121,4 หมู่ที่ 12 ต.ตะคร้ำเอน อ.ท่ามะกา จ.กาญจนบุรี,,
3015191000058336000,ปีมงคลไอซ์ มหาสารคาม,,,,,New Accounts,,QEsan,0933232999,,,,,,,มหาสารคาม,,,,,0465564000931,,20240219T11:42:06+07:00,20251214T12:53:02+07:00,20251214T12:53:18+07:00,รังสิยา หมื่นวิจิตร (ลูกหว้า),PPW 10k20k,1.2.2.1 โรงน้ำแข็ง,บริษัทจำกัด,10795,,,
3015191000058335000,ปีมงคล ไอซ์ กาฬสินธุ์,,,,,New Accounts,,QEsan,0933232999,,,,,,,กาฬสินธุ์,,,,,0465563000539,,20240219T11:41:21+07:00,20251214T12:54:23+07:00,20251224T16:39:58+07:00,รังสิยา หมื่นวิจิตร (ลูกหว้า),PPW 10k20k,1.2.2.1 โรงน้ำแข็ง,บริษัทจำกัด,10795,,,
3015191000066652000,เจเอสพี ซัพพลาย แอนด์ เซอร์วิส,,,,,,,QNorth,0933432789,062 262 8557,,,,,,พิษณุโลก,,,,,0653563001311,1000000,20240805T16:54:46+07:00,20250211T09:26:51+07:00,20251215T09:44:55+07:00,สุนิษา ภิญโญ,,2.7 Non Food อื่นๆ,ห้างหุ้นส่วนจำกัด,,99/3 หมู่ที่ 7 ตำบลบึงกอก อำเภอบางระกำ จ.พิษณุโลก,,
3015191000015881000,กิมชุนไอซ์ ศรีสะเกษ,,0438AE,,,Active,,QEsan,0933891999,,,,,,เมืองศรีสะเกษ,ศรีสะเกษ,,,,,35555900296,,20201114T13:18:29+07:00,20251216T11:18:04+07:00,20251216T11:18:46+07:00,รังสิยา หมื่นวิจิตร (ลูกหว้า),"PPW 510k, กลุ่มเฮียวิชิต",1.2.2.1 โรงน้ำแข็ง,บริษัทจำกัด,10795,ต.หมากเขียบ,,
3015191000090102300,สหกรณ์การเกษตรนาบอน,,,,,,,QSouth,0934307245,,075 491 248,,,,,นครศรีธรรมราช,,,,,8000000125213,,20251209T13:02:36+07:00,20251211T13:41:08+07:00,20251211T13:41:08+07:00,กมลรัตน์ เทศนีย์,,2.1.3 เคมีการเกษตร,สหกรณ์ จำกัด,,98 ตำบล นาบอน อำเภอ นาบอน นครศรีธรรมราช 80220,,
3015191000020285000,วารีเทพ แก้งสนามนาง,,,,,New Accounts,,QEsan,0934734545,,0934734545,,,,อ.แก้งสนามนาง,นครราชสีมา,,,,,0305558005006,,20210329T09:35:29+07:00,20251216T11:17:32+07:00,20251216T11:17:37+07:00,รังสิยา หมื่นวิจิตร (ลูกหว้า),PPW 510k,1.2.2.1 โรงน้ำแข็ง,บริษัทจำกัด,10795,121 หมู่ที่ 5 ต.โนนสำราญ,,
3015191000018553000,วารีเทพ บุรีรัมย์,,0388AD,,,NonActive,,QEsan,0935011509,,0817904020,,,,อ.เมืองบุรีรัมย์,บุรีรัมย์,,,,,0353558000215,,20210130T09:42:31+07:00,20251216T11:17:48+07:00,20251216T11:18:14+07:00,รังสิยา หมื่นวิจิตร (ลูกหว้า),PPW 35k,1.2.2.1 โรงน้ำแข็ง,ห้างหุ้นส่วนจำกัด,10795,84 หมู่ที่ 24 ต.สะแกโพรง,,
3015191000018354000,บิ๊กไอซ์สุโขทัย,,,,,New Accounts,,QNorth,055616442,,0869118885,,,,,สุโขทัย,,,,,0643553000851,,20210123T16:17:06+07:00,20251023T11:11:03+07:00,20251023T11:12:59+07:00,สุนิษา ภิญโญ,PPW 010k,1.2.2.1 โรงน้ำแข็ง,ห้างหุ้นส่วนจำกัด,10795,386 หมู่ที่ 2 ต.เมืองเก่า อ.เมืองสุโขทัย,,
3015191000084445000,ศิริชัย สาคู 65,,,,,,,QEast,0935645654,,0826565426,,,,,ชลบุรี,,,,,0205566009598,1000000,20250813T14:19:45+07:00,20250813T15:54:44+07:00,20251215T09:44:55+07:00,ใหม่ พันธวงษ์,,1.2.3.2 แป้งอาหาร/Modified Starch,บริษัทจำกัด,,56/8 หมู่ที่ 9 ต.ห้วยใหญ่ อ.บางละมุง,,
3015191000026753500,วารีเทพ อำนาจเจริญ,,0475AC,,,NonActive,,QEsan,045-270123,,0935673400,,,,อ.เมืองอำนาจเจริญ,อำนาจเจริญ,,,,,0375554000018,3000000,20200919T15:50:28+07:00,20251216T11:17:13+07:00,20251216T11:17:30+07:00,รังสิยา หมื่นวิจิตร (ลูกหว้า),"PPW 510k, กลุ่มเฮียไมตรี",1.2.2.1 โรงน้ำแข็ง,บริษัทจำกัด,10795,123 หมู่ที่ 5 ถนนอรุณประเสริฐ ต.บุ่ง,,
3015191000013999000,ไทเกอร์ อุบลราชธานี,,0475AA,,,NonActive,,QEsan,0935673400,,0935673400,,,,อ.วารินชำราบ,อุบลราชธานี,,,,,0345559001888,,20200919T15:52:14+07:00,20251212T10:40:47+07:00,20251212T10:41:33+07:00,รังสิยา หมื่นวิจิตร (ลูกหว้า),"PPW 510k, กลุ่มเฮียไมตรี",1.2.2.1 โรงน้ำแข็ง,บริษัทจำกัด,10795,329 หมู่ที่ 4 ต.บุ่งไหม,,
3015191000013999000,ไทเกอร์ ไอซ์,,0475AD,,,Active,,QEsan,045-481806,,0935673400,,,,อ.ตระการพืชผล,อุบลราชธานี,,,,,0345554000671,,20200919T15:48:35+07:00,20251216T11:18:04+07:00,20251225T10:02:14+07:00,รังสิยา หมื่นวิจิตร (ลูกหว้า),"PPW 510k, กลุ่มเฮียไมตรี",1.2.2.1 โรงน้ำแข็ง,บริษัทจำกัด,10795,180 ถนนตระการเขมราฐ ต.คำเจริญ,,
3015191000009625000,ต้อนทองหนองบัวลำภู,,0360AA,0360ต้อนทองหนองบัวลำภู,0360,Active,,QEsan,0939405129,,,,,,อ.นาวัง,หนองบัวลำภู,,,,,0393555000648,,20200113T08:19:37+07:00,20251216T11:18:04+07:00,20251218T10:21:49+07:00,รังสิยา หมื่นวิจิตร (ลูกหว้า),PPW 510k,1.2.2.1 โรงน้ำแข็ง,ห้างหุ้นส่วนจำกัด,10795,99/1 หมู่ที่ 7 ต.เทพคีรี,,
3015191000069427000,สตาร์ช พลัส,,,,,,,QEsan,0939827010,,0956018198,,,,อำเภอชุมพวง,นครราชสีมา,,,,,0105557133380,,20241007T13:54:16+07:00,20251214T10:59:11+07:00,20251214T10:59:36+07:00,รังสิยา หมื่นวิจิตร (ลูกหว้า),FIBC,1.2.3.1 โรงงานแป้งมัน,บริษัทจำกัด,,999 หมู่ที่ 3 ตำบลท่าลาด,,
3015191000086819000,ลำปางซีโอไล้ท์,,,,,,,QNorth,0-,,,,,,,ลำปาง,,,,,0525534000380,1000000,20251009T16:16:02+07:00,20251009T16:35:55+07:00,20251105T09:14:02+07:00,สุนิษา ภิญโญ,,2.2.1.3 ปูนขาว,บริษัทจำกัด,,85/3 หมู่ที่ 5 ตำบลน้ำโจ้ อำเภอแม่ทะ,,
3015191000042096000,คิงส์ สตาร์ช,,,,,New Accounts,,QNorth,0-,0948900505,036451009,0863301368,http://www.kinghuat.com/,,,ลพบุรี,,,,,0115548009507,80000000,20230104T11:23:33+07:00,20251024T11:24:11+07:00,20251215T16:23:12+07:00,สุนิษา ภิญโญ,PPW 20k50k,1.2.3.2 แป้งอาหาร/Modified Starch,บริษัทจำกัด,10612,60 หมู่ที่ 6 ตำบลหนองบัว อำเภอพัฒนานิคม จ.ลพบุรี,,
3015191000013999600,โรงน้ำแข็งภูวเดช,,,,,New Accounts,,QNorth,0-,,0899515576,,,,,เชียงราย,,,เชียงราย,,1509900793009,,20200919T15:57:21+07:00,20250529T10:37:26+07:00,20251213T11:28:08+07:00,สุนิษา ภิญโญ,PPW 010k,1.2.2.1 โรงน้ำแข็ง,ห้างหุ้นส่วนจำกัด,,95/2 ม.10 ต.แม่เจดีย์ อ.เวียงป่าเป้า,,
3015191000017523000,โรงสีข้าวทิพย์ธารา,,,,,New Accounts,,QNorth,0-,,0812891950,094 629 9794,,,,เชียงใหม่,,,,,,,20201229T11:52:40+07:00,20251118T15:03:16+07:00,20251118T15:06:27+07:00,สุนิษา ภิญโญ,,1.2.1.1 ข้าวตรา,บริษัทจำกัด,,469 ม.1 ถ.ฝางท่าตอน ต.เวียง อ.ฝาง,,
3015191000058928600,ทวีคูณ ไอซ์,,,,,New Accounts,,QCentral,0942545391,0864057972,028949017,,,,,กรุงเทพมหานคร,,,กรุงเทพมหานคร,,0105565169801,2000000,20240228T15:31:12+07:00,20250204T11:43:16+07:00,20251217T17:00:16+07:00,วรางคณา กัณหาชาติ,PPW 510k,1.2.2.1 โรงน้ำแข็ง,บริษัทจำกัด,10795,1/2 ซอยเอกชัย 74/1 แขวงคลองบางพราน เขตบางบอน กรุงเทพมหานคร,,
3015191000018602500,แหลมทอง (1992),,,,,New Accounts,,QEsan,0942916669,,043791171,,,,อ.พยัคฆภูมิพิสัย,มหาสารคาม,,,,,0443559000561,,20210202T11:42:14+07:00,20251216T11:17:48+07:00,20251226T14:57:44+07:00,รังสิยา หมื่นวิจิตร (ลูกหว้า),PPW 35k,1.2.2.1 โรงน้ำแข็ง,ห้างหุ้นส่วนจำกัด,10795,40 หมู่ที่ 2 ต.ลานสะแก,,
3015191000014436000,อุบลราชธานี วารีเทพ,,,,,New Accounts,,QEsan,0943106808,,0943106808,,,,อำเภอเมืองอุบลราชธานี,อุบลราชธานี,,,,,0343544001478,,20201001T17:22:50+07:00,20251216T11:18:04+07:00,20251216T11:18:46+07:00,รังสิยา หมื่นวิจิตร (ลูกหว้า),PPW 10k20k,1.2.2.1 โรงน้ำแข็ง,ห้างหุ้นส่วนจำกัด,10795,2 หมู่ที่ 14 ตำบลขามใหญ่,,
3015191000045780000,น้ำแข็งเทพประทาน,,,,,New Accounts,,QEsan,0943622451,,,,,,อำเภอเมืองอุดรธานี,อุดรธานี,,,,,0415562002759,,20230330T16:48:38+07:00,20251214T18:45:56+07:00,20251225T16:35:24+07:00,รังสิยา หมื่นวิจิตร (ลูกหว้า),PPW 510k,1.2.2.1 โรงน้ำแข็ง,บริษัทจำกัด,10795,940 หมู่ที่ 1 ตำบลหนองนาคำ,,
3015191000079660000,เค.โอ.ไอซ์,,,,,,,QEast,0944565915,,038199839,,,,,ชลบุรี,,,,,0205562000120,25500000,20250430T11:18:40+07:00,20250606T11:02:45+07:00,20251223T16:37:49+07:00,ใหม่ พันธวงษ์,,1.2.2.1 โรงน้ำแข็ง,บริษัทจำกัด,10795,80/27 หมู่ที่ 3 ต.สัตหีบ อ.สัตหีบ,,
3015191000022112000,นันทกรี,,,,,New Accounts,,QWest,0944914744,,034433080,,http://www.nuntakri.net/,,,สมุทรสาคร,,,,,0105534096721,31000000,20210612T15:45:05+07:00,20240722T17:00:16+07:00,20251215T09:44:58+07:00,อิสราวลี ตนเสาวภาคย์ชลที,โม,2.1.1 ปุ๋ยเคมี,บริษัทจำกัด,20121,173/1 หมู่ 5 ถนนสวนส้ม ตำบลอำแพง อำเภอบ้านแพ้ว,,
3015191000048174000,ซันนี่ อุดร สาขา 00003,,0338AH,,0338,NonActive,,QEsan,0945361789,,,,,,สว่างแดนดิน,สกลนคร,Thailand,สว่างแดนดิน,สกลนคร,,0415565004159,,20230608T17:30:25+07:00,20251214T14:18:34+07:00,20251214T14:19:04+07:00,รังสิยา หมื่นวิจิตร (ลูกหว้า),"PPW 35k, กลุ่มคุณออย",1.2.2.1 โรงน้ำแข็ง,,10795,161 หมู่ที่ 10 ตำบลบ้านถ่อน,,
3015191000044525000,โรงน้ำแข็ง เค.ที.สบาย,,,,,New Accounts,,QNorth,0946093444,,053 695 164,,,,,แม่ฮ่องสอน,,,,,,,20230303T17:00:34+07:00,20250623T11:51:37+07:00,20251219T15:59:33+07:00,สุนิษา ภิญโญ,,1.2.2.1 โรงน้ำแข็ง,นามบุคคล,,13/4 ถนน ประชาเสกสรร ตำบล ปางหมู อำเภอเมือง,,
3015191000064247000,แวนด้า ซีดส์,,,,,New Accounts,,QNorth,0946218969,,,,https://www.vandaseeds.com/#/,,,เชียงใหม่,,,,,0505544003667,550000,20240618T17:18:36+07:00,20240722T17:02:37+07:00,20251211T11:04:38+07:00,สุนิษา ภิญโญ,,2.1.2 ปุ๋ยอินทรีย์/สารปรับปรุงดิน/สารเสริมพืช(ไม่ทำปุ๋ยเคมี),บริษัทจำกัด,,176 หมู่ที่ 5 ตำบลน้ำแพร่ อำเภอหางดง,,
3015191000028153300,ลำปาง อะโกร,,,,,New Accounts,,QNorth,0946419119,,0818440888,061 661 2512,,,,ลำปาง,,,,,0735557003898,400000000,20211109T16:25:42+07:00,20250402T13:57:09+07:00,20251215T16:23:38+07:00,สุนิษา ภิญโญ,FIBC,1.2.3.1 โรงงานแป้งมัน,บริษัทจำกัด,,188 ม.7 ต.พระบาทวังตวง อ.แม่พริก,,
3015191000007652400,โรงน้ำแข็งหงษ์สวรรค์เชียงแสน,,0143AA,0143โรงน้ำแข็งหงษ์สวรรค์เชียงแสน,0143,New Accounts,,QNorth,0947146323,0801841944,,,,,,เชียงราย,,,,,3560300875126,,20190913T14:39:53+07:00,20250530T13:49:01+07:00,20251223T08:50:12+07:00,สุนิษา ภิญโญ,PPW 010k,1.2.2.1 โรงน้ำแข็ง,บริษัทจำกัด,,เลขที่ 73 หมู่ที่ 2 ต.เวียง อ.เชียงแสน จ.เชียงราย,,
3015191000050342400,จึงอู๋ฮวด,,,,,New Accounts,,QWest,0-3471-1949,,034711949,,,,,สมุทรสงคราม,,,,,0753550000158,2000000,20230811T17:20:26+07:00,20250107T15:48:14+07:00,20251217T09:05:42+07:00,ชินดนัย ศรีธรรม,ก้อง,1.2.2.1 โรงน้ำแข็ง,ห้างหุ้นส่วนจำกัด,10795,86 ม.1 ต.ลาดใหญ่ อ.เมืองสมุทรสงคราม,,
3015191000025746000,อมรชัยมินเนอรัล,,,,,New Accounts,,QWest,0948793556,,,,https://www.facebook.com/AmornchaimineralKanchanaburi/,,,กาญจนบุรี,,,,,0715560001621,10000000,20210906T11:35:56+07:00,20241220T10:49:17+07:00,20251215T09:44:58+07:00,อิสราวลี ตนเสาวภาคย์ชลที,โม,2.2.1.3 ปูนขาว,บริษัทจำกัด,23942,26/4 หมู่ 7 ตำบลเขาน้อย อำเภอท่าม่วง,,
3015191000053047000,ซันเจียงเคมิคอลไฟเบอร์(ประเทศไทย),,,,,New Accounts,,QEast,0949193658,,0860773992,,,,,ชลบุรี,20270,,,,24556200166,167000000,20231017T16:51:53+07:00,20250602T16:22:42+07:00,20250602T16:22:42+07:00,สุนิสา กล้าแข็ง,ไม่มีการใช้งาน PPW,2.3.2 Plastic Compound Resin,บริษัทจำกัด,,329 หมู่ที่ 3 ต.บ่อกวางทอง อ.บ่อทอง,,
3015191000023514000,ฟาร์มอะโกร,,,,,New Accounts,,QWest,0949415142,0826684513,028885112,,http://www.farmagrothailand.com/,,,นครปฐม,,,สุพรรณบุรี,,0103531014934,3600000,20210716T08:46:33+07:00,20241219T13:27:15+07:00,20251215T09:44:58+07:00,อิสราวลี ตนเสาวภาคย์ชลที,โม,2.1.2 ปุ๋ยอินทรีย์/สารปรับปรุงดิน/สารเสริมพืช(ไม่ทำปุ๋ยเคมี),ห้างหุ้นส่วนจำกัด,47733,101/502 หมู่บ้านปรีชา หมู่ที่ 9 ถนนพุทธมณฑลสาย 4 ต.กระทุ่มล้ม อ.สามพราน จ.นครปฐม,,
3015191000081693000,โรงสีหนองคอกหมู,,,,,,,QEast,0949456415,,,,,,,ระยอง,,,,,,,20250611T16:46:41+07:00,20250625T16:10:03+07:00,20250902T16:25:52+07:00,ใหม่ พันธวงษ์,,1.2.1.1 ข้าวตรา,,,132 ตำบล ตาขัน อำเภอ บ้านค่าย,,
3015191000054138000,พีเคที ฟู้ด เทรดดิ้ง,,,,,New Accounts,,QEast,0949654499,,0958507111,,https://www.pktfoodsago.com/,,,ชลบุรี,,,,,0135563025607,5000000,20231110T08:58:34+07:00,20240722T17:06:05+07:00,20251215T09:44:55+07:00,สุนิสา กล้าแข็ง,,1.2.3.2 แป้งอาหาร/Modified Starch,บริษัทจำกัด,10309,107/37 หมู่ที่ 2 ต.บึง อ.ศรีราชา,,
3015191000064055300,โรงน้ำแข็ง พันล้าน,,,,,New Accounts,,QEast,0-,,0873264444,,,,,สมุทรปราการ,,,สมุทรปราการ,,0115562009888,20000000,20240617T09:08:00+07:00,20250529T17:22:45+07:00,20251226T11:39:12+07:00,สุนิสา กล้าแข็ง,ไม่เปิดรับ,1.2.2.1 โรงน้ำแข็ง,บริษัทจำกัด,,888 หมู่ที่ 1 ต.คลองนิยมยาตรา อ.บางบ่อ จ.สมุทรปราการ,,
3015191000020827000,ทรัพย์ไพลินไรซ์,,,,,New Accounts,,QNorth,0-,,053899099,,https://www.facebook.com/suppailinrice/,,,เชียงใหม่,,,,,0505562009787,5000000,20210419T17:37:20+07:00,20250325T13:20:40+07:00,20251215T09:44:59+07:00,สุนิษา ภิญโญ,,1.2.1.1 ข้าวตรา,บริษัทจำกัด,10611,280/1 หมู่ที่ 13 ตำบลแม่สาว อำเภอแม่อาย,,
3015191000066132500,โรงน้ำแข็งแก้วแสนดวง,,,,,New Accounts,,QNorth,0-,,,,,,,เชียงใหม่,,,,,0505559012641,5000000,20240722T13:43:41+07:00,20250908T13:56:53+07:00,20251022T15:37:27+07:00,สุนิษา ภิญโญ,,1.2.2.1 โรงน้ำแข็ง,บริษัทจำกัด,,205/5 หมู่ที่ 4 ตำบลสันผีเสื้อ อำเภอเมืองเชียงใหม่,,
3015191000068318000,อีซี่ เทรด เคมิคอล,,,,,,,QCentral,0-,,,,,,,นนทบุรี,,,,,0125559004064,1000000,20240911T16:10:07+07:00,20241127T09:05:43+07:00,20251126T10:56:20+07:00,วรางคณา กัณหาชาติ,,2.1.1 ปุ๋ยเคมี,บริษัทจำกัด,20121,9/42 หมู่ที่ 3 ต.บ้านใหม่ อ.ปากเกร็ด จ.นนทบุรี,,
3015191000089357000,แม่โจ้ พันธุ์ปาล์ม,,,,,,,QWest,0950406147,,,,,,,กรุงเทพมหานคร,,,,,0835566012305,1000000,20251124T15:39:08+07:00,20251125T15:51:26+07:00,20251208T16:19:05+07:00,ชินดนัย ศรีธรรม,,2.1.1 ปุ๋ยเคมี,บริษัทจำกัด,,,,
3015191000037873000,บ.มิลเลนเนียม เฟอร์ติไลเซอร์ จำกัด,,,,,New Accounts,,QWest,0950462662,,020283998,,,,,นครปฐม,,,,,0735561002116,5000000,20220902T09:44:21+07:00,20240722T16:59:01+07:00,20251215T09:44:57+07:00,อิสราวลี ตนเสาวภาคย์ชลที,,2.1.1 ปุ๋ยเคมี,บริษัทจำกัด,,555/99 หมู่ที่ 12 ตำบลบางภาษี อำเภอบางเลน นครปฐม 73130,,
3015191000009916000,สหกรณ์ผู้ใช้น้ำอำเภอเสาไห้,,0168AA,,,New Accounts,,QCentral,0951209279,036 333 427,,,,,,,,,,,0994001040460,,20200201T10:11:29+07:00,20251020T11:03:01+07:00,20251222T14:26:21+07:00,วีรวรรณ รอบแคว้น,"PPW, LBF, ไม่มีการใช้งาน PPW",1.2.1.1 ข้าวตรา,สหกรณ์ จำกัด,,,,
3015191000036712400,ไทยรุ่งเรือง 888,,,,,New Accounts,,QNorth,0951350796,,0839166676,,,,,อ่างทอง,,,อ่างทอง,,0725560002244,5000000,20220801T14:46:29+07:00,20250115T11:51:49+07:00,20251216T09:44:02+07:00,สุนิษา ภิญโญ,PPW 50k200k,1.1.1.1 โรงงานอาหารสัตว์ Feedmill Company,บริษัทจำกัด,46206,168 หมู่ที่ 3 ต.สาวร้องไห้ อ.วิเศษชัยชาญ จ.อ่างทอง,,
3015191000052778000,เอสเอ็ม ไอซ์ 365,,,,,New Accounts,,QEsan,0951685203,,,,,,อ.เมืองอุดรธานี,อุดรธานี,,,หนองบัวลำภู,,0395563000351,,20231011T10:07:36+07:00,20251214T13:15:40+07:00,20251215T15:16:44+07:00,รังสิยา หมื่นวิจิตร (ลูกหว้า),PPW 510k,1.2.2.1 โรงน้ำแข็ง,บริษัทจำกัด,10795,310/152 ม.5 ต.หมูม่น,,
3015191000007703600,สะเดาน้ำแข็งหลอด,,0219AA,0219สะเดาน้ำแข็งหลอด,0219,Active,,QSouth,0954424334,,074260808,,,,,สงขลา,,,,,0905559000525,,20190917T19:08:01+07:00,20240722T13:01:07+07:00,20251222T09:31:58+07:00,กมลรัตน์ เทศนีย์,รอ Verify,1.2.2.1 โรงน้ำแข็ง,บริษัทจำกัด,10795,146/40 (สะพานเหล็ก) ถ.ปาดังเบซาร์ ต.สะเดา อ.สะเดา,,
3015191000014267400,น้ำแข็งภูพาน,,,,,New Accounts,,QEast,"0-4273-3413, 0-4273-3070",,,,,,บางละมุง,ชลบุรี,,,,,0475557000433,,20200926T08:46:37+07:00,20240722T17:07:09+07:00,20250604T17:32:00+07:00,สุนิสา กล้าแข็ง,,1.2.2.1 โรงน้ำแข็ง,,10795,ต.ห้วยใหญ่,,
3015191000081410000,โชคชัยพืชผล ( สนญ ),,,,,,,QCentral,0954912242,,022334486,,http://www.kengsenggroup.com/th/contact.php,,บางรัก,กรุงเทพมหานคร,,,อุทัยธานี,,0105517008860,200000000,20250606T13:04:08+07:00,20251222T15:42:08+07:00,20251222T15:42:08+07:00,วีรวรรณ รอบแคว้น,"ไม่เปิดรับ, โอนออก",1.2.3.2 แป้งอาหาร/Modified Starch,บริษัทจำกัด,,71 ซ.ศาลาแดง 1/1 ถ.ศาลาแดง แขวงสีลม,,
3015191000024090000,ณภัทราน้ำแข็งและน้ำดื่ม,,,,,New Accounts,,QEsan,0955101515,,,,,,อ.ท่าลี่,เลย,,,,,0423561000793,2000000,20210730T13:28:47+07:00,20251216T11:17:13+07:00,20251216T11:17:30+07:00,รังสิยา หมื่นวิจิตร (ลูกหว้า),"เลิกกิจการ, โอนออก",1.2.2.1 โรงน้ำแข็ง,ห้างหุ้นส่วนจำกัด,10795,88 หมู่ที่ 5 ต.ท่าลี่,,
3015191000022943000,คุณอมรรัตน์ สุวรรณบุตร,,,,,New Accounts,,QSouth,0955694941,,,,,,,สุราษฎร์ธานี,,,,,,,20210702T08:13:08+07:00,20241204T13:16:28+07:00,20251212T16:41:21+07:00,กมลรัตน์ เทศนีย์,PPW 010k,2.1.4 ดินปลูก,นามบุคคล,,99/45 หมู่6 ถ.เลี่ยงเมือง ซอย 14 ต.มะขามเตี้ย อ.เมือง จ.สุราษฎร์ธานี 84000,,
3015191000030995000,เมย์คราวน์ ฟู้ดส์,,,,,New Accounts,,QCentral,0955903815,,,,,,,กรุงเทพมหานคร,,,กรุงเทพมหานคร,,0105562202815,24000000,20220128T12:40:20+07:00,20241218T11:24:34+07:00,20251215T16:23:38+07:00,วีรวรรณ รอบแคว้น,,1.2.4.1 โรงงานน้ำตาล,บริษัทจำกัด,,6 ซอยฉลองกรุง 31 ลำปลาทิว เขตลาดกระบัง,,
3015191000023560000,ทุ่งคาปลาป่น,,,,,New Accounts,,QSouth,0-7755-3031,,,,,,ต.ทุ่งคา,ชุมพร,,,,,0863545000357,4000000,20210717T08:59:33+07:00,20250523T09:40:56+07:00,20251215T09:44:58+07:00,กมลรัตน์ เทศนีย์,PPW 010k,1.1.2.2 ปลาป่น,ห้างหุ้นส่วนจำกัด,10299,197 หมู่ที่ 5,,
3015191000010495000,จันทบุรีสตาร์ช,,0394AA,,,Active,,QEast,038-840990,,,,,,,จันทบุรี,,,จันทบุรี,,0245546000587,,20200313T09:57:19+07:00,20240722T17:03:46+07:00,20251215T09:44:57+07:00,สุนิสา กล้าแข็ง,FIBC,1.2.3.1 โรงงานแป้งมัน,บริษัทจำกัด,10622,99/6 ม.4 ต.ทรายขาว อ.สอยดาว,,
3015191000080281000,วัฒนาวรโชติ,,,,,,,QWest,0956644246,,032201219,,,,,ราชบุรี,,,ราชบุรี,,0705560003569,30000000,20250513T10:39:29+07:00,20250513T10:55:14+07:00,20251113T10:44:21+07:00,ชินดนัย ศรีธรรม,,1.2.2.1 โรงน้ำแข็ง,บริษัทจำกัด,,9/9 ม.4 ตำบลปากแรต อำเภอบ้านโป่ง,,
3015191000035087400,สยาม ควอลิตี้ สตาร์ช,,,,,NonActive,,QEsan,0 2598 3135-8,,044815555,,,,,ชัยภูมิ,,,ชัยภูมิ,,0105535162662,380000000,20220609T15:27:37+07:00,20251216T10:40:06+07:00,20251216T10:40:06+07:00,รังสิยา หมื่นวิจิตร (ลูกหว้า),FIBC,1.2.3.1 โรงงานแป้งมัน,บริษัทจำกัด,10622,38/6 หมู่ที่ 11 ถนนปทุมธานี ลาดหลุมแก้ว ตำบลคูบางหลวง อำเภอลาดหลุมแก้ว จ.ปทุมธานี 12140,,
3015191000058594000,ไอซ์เลิฟ 2555,,,,,New Accounts,,QCentral,0957134947,,0873304555,,,,,กรุงเทพมหานคร,,,,,0105558109041,,20240222T13:13:14+07:00,20241127T09:08:45+07:00,20251223T16:52:27+07:00,วีรวรรณ รอบแคว้น,PPW 03K,1.2.2.1 โรงน้ำแข็ง,บริษัทจำกัด,10795,"3/888,3/2943/297 หมู่ที่ 9 แขวงลำผักชี เขตหนองจอก",,
3015191000021975000,พรีเมอร์,,,,,New Accounts,,QWest,034-254336,,0815834298,,http://www.premer1988.com/product,,,นครปฐม,,,,,0105531075366,3000000,20210607T08:42:46+07:00,20240722T17:00:16+07:00,20251226T16:19:16+07:00,ชินดนัย ศรีธรรม,,1.1.1.1 โรงงานอาหารสัตว์ Feedmill Company,บริษัทจำกัด,10802,156 หมู่ที่ 3 ตำบลลำพยา อำเภอเมืองนครปฐม จ.นครปฐม,,
3015191000041407000,แอมโก้เวท,,,,,New Accounts,,QEast,0958407181,,097 113 7181,,,,,กรุงเทพมหานคร,,,ปราจีนบุรี,,0105525029765,280000000,20221212T08:55:34+07:00,20250704T10:20:58+07:00,20250704T10:24:21+07:00,สุนิสา กล้าแข็ง,,1.1.1.1 โรงงานอาหารสัตว์ Feedmill Company,บริษัทจำกัด,47721,2 ถนนมอเตอร์เวย์ แขวงประเวศ เขตประเวศ กรุงเทพมหานคร,,
3015191000058330000,เเปซิฟิก ชูการ์ คอร์ปอเรชั่น,,,,,New Accounts,,Key Account,0959507635,,,,,,,,,,,,0105535169420,,20240219T11:44:27+07:00,20250426T09:48:28+07:00,20251118T11:09:49+07:00,ปุณยวีร์ สพัดรัมย์,,1.2.4.1 โรงงานน้ำตาล,บริษัทจำกัด,,,,
3015191000029691000,เพชรมีชัยเทรดดิ้ง,,,,,New Accounts,,QSouth,0959916464,,,,,,,ระนอง,,,,,0853559000257,,20211222T10:17:35+07:00,20250106T10:47:07+07:00,20251203T13:38:52+07:00,กมลรัตน์ เทศนีย์,PPW 010k,1.2.2.1 โรงน้ำแข็ง,ห้างหุ้นส่วนจำกัด,10795,224/28 หมู่ที่ 2 ต.หงาว อ.เมืองระนอง จ.ระนอง,,
3015191000080143400,เชียงตะวัน เนเจอร์รัล ปาล์มออยล์,,,,,,,QSouth,0-,0649255540,0909715701,,,,,ชุมพร,,,,,0865556000614,5000000,20250512T08:56:59+07:00,20251118T14:55:06+07:00,20251217T14:04:58+07:00,กมลรัตน์ เทศนีย์,,1.1.2.3.4 โรงงานหีบน้ำมันปาล์มดิบ,บริษัทจำกัด,,112/1 ม.7 ต.วิสัยเหนือ อ.เมืองชุมพร จ.ชุมพร 86100,,
3015191000064341000,ท่าทรายลิ้ม วัสดุก่อสร้าง,,,,,New Accounts,,QCentral,0-,025676305,029595700,,,,,ปทุมธานี,,,,,13354700338,1400000,20240620T15:41:45+07:00,20250929T10:17:09+07:00,20251111T10:51:44+07:00,วรางคณา กัณหาชาติ,PPW 10k20k,2.7 Non Food อื่นๆ,ห้างหุ้นส่วนจำกัด,47524,53/19 หมู่ที่ 2 ต.บางพูน อ.เมืองปทุมธานี จ.ปทุมธานี,,
3015191000047550000,มาสเตอร์เทค เคมีคอล,,,,,New Accounts,,QWest,0966659936,,,,,,,นนทบุรี,,,นครปฐม,,0125549004789,5000000,20230525T11:20:22+07:00,20240722T16:58:44+07:00,20251112T14:27:42+07:00,ชินดนัย ศรีธรรม,ก้อง,2.3.2 Plastic Compound Resin,บริษัทจำกัด,46900,85/195 หมู่ที่ 3 ถนนบางกรวยไทรน้อย ต.บางรักพัฒนา อ.บางบัวทอง จ.นนทบุรี,,
3015191000013409000,วารีเทพ เพชรบูรณ์,,,,,New Accounts,,QNorth,0966933796,,0812576022,,,,,เพชรบูรณ์,,,,,0353558000592,,20200831T17:05:30+07:00,20250604T15:08:57+07:00,20251120T11:31:43+07:00,สุนิษา ภิญโญ,PPW 010k,1.2.2.1 โรงน้ำแข็ง,ห้างหุ้นส่วนจำกัด,10795,281 หมู่ที่ 6 ต.นางั่ว อ.เมืองเพชรบูรณ์ จ.เพชรบูรณ์,,
3015191000024734000,มงคลเจริญศรี (1990),,,,,New Accounts,,QWest,0967562444,,0886985520,,facebook.com/mongkongcharoensri/,,,สุพรรณบุรี,,,,,0723533000081,5000000,20210813T16:59:39+07:00,20251022T14:26:57+07:00,20251215T09:44:58+07:00,ชินดนัย ศรีธรรม,,1.2.2.1 โรงน้ำแข็ง,ห้างหุ้นส่วนจำกัด,10795,289/1 หมู่ที่ 11 ตำบลหนองหญ้าไซ อำเภอหนองหญ้าไซ,,
3015191000032853000,ซันนี่อุดร 2560,,,,,NonActive,,QEsan,0969098778,,,,,,อำเภอเมืองอุดรธานี,อุดรธานี,,,,,0405559002298,3000000,20220328T15:42:54+07:00,20251216T11:17:13+07:00,20251216T11:17:30+07:00,รังสิยา หมื่นวิจิตร (ลูกหว้า),"PPW 35k, กลุ่มคุณฝน",1.2.2.1 โรงน้ำแข็ง,บริษัทจำกัด,10795,296 หมู่ที่ 7 ตำบลโนนสูง,,
3015191000068097000,โกลบอล เคมีคอล เซ็นเตอร์ (ประเทศไทย),,,,,,,QEast,021363524,021363524,081 804 5408,,,,,สมุทรปราการ,,,,,0115562022965,1000000,20240905T16:05:50+07:00,20250402T15:38:01+07:00,20251002T16:33:43+07:00,สุนิสา กล้าแข็ง,,2.7 Non Food อื่นๆ,บริษัทจำกัด,,89/10 หมู่ที่ 2 ต.แพรกษาใหม่ อ.เมืองสมุทรปราการ จ.สมุทรปราการ,,
3015191000090723000,เชียงราย เอเอ โกลด์เด้นไรซ์,,,,,,,QNorth,0-,,,,,,,เชียงราย,,,,,0573566000693,500000,20251218T13:26:03+07:00,20251218T14:54:36+07:00,20251219T09:00:25+07:00,สุนิษา ภิญโญ,,1.2.1.1 ข้าวตรา,ห้างหุ้นส่วนจำกัด,,158 หมู่ที่ 2 ตำบลหนองแรด อำเภอเทิง จังหวัดเชียงราย,,
3015191000017210000,น้ำแข็งหลอดกิจเจริญ,,,,,New Accounts,,QNorth,0-,,0800145488,,,,,นครสวรรค์,,,,,0605557000571,,20201222T13:49:10+07:00,20241115T11:10:01+07:00,20251208T11:12:33+07:00,สุนิษา ภิญโญ,PPW 010k,1.2.2.1 โรงน้ำแข็ง,บริษัทจำกัด,10795,145 ม.2 สายนครสวรรค์ท่าตะโก ต.พระนอน อ.เมือง,,
3015191000024734000,โรงน้ำแข็ง ก(อู่ทอง),,0672AA,,,Active,,QWest,0970073450,,,,,,,สุพรรณบุรี,,,,,0725562001776,2000000,20210813T17:03:43+07:00,20240722T12:18:58+07:00,20251215T09:44:58+07:00,ชินดนัย ศรีธรรม,ก้อง,1.2.2.1 โรงน้ำแข็ง,บริษัทจำกัด,11041,799 หมู่ที่ 6 ต.จรเข้สามพัน อ.อู่ทอง จ.สุพรรณบุรี,,
3015191000018851300,รัตนวารี 1992,,,,,New Accounts,,QCentral,0-2525-0184,,025250184,,,,,นนทบุรี,,,นนทบุรี,,0123535000237,,20210208T23:11:59+07:00,20241108T14:34:10+07:00,20251203T17:04:08+07:00,วีรวรรณ รอบแคว้น,PPW 010k,1.2.2.1 โรงน้ำแข็ง,ห้างหุ้นส่วนจำกัด,10795,25/81 หมู่ที่ 8 ต.บางเขน อ.เมืองนนทบุรี จ.นนทบุรี,,
3015191000018602000,โรงน้ำแข็งกองทรัพย์,,,,,New Accounts,,QEsan,0971122712,0934963418,0643128855,,,,อำเภอ พังโคน,สกลนคร,,,,,,,20210202T11:21:48+07:00,20251216T11:17:48+07:00,20251217T13:48:05+07:00,รังสิยา หมื่นวิจิตร (ลูกหว้า),PPW 510k,1.2.2.1 โรงน้ำแข็ง,นามบุคคล,10795,117 หมู่ 8 ถนน พังโคนพัฒนา ตำบล พังโคน,,
3015191000052595000,บริษัท ห้วยยายจีนน้ำแข็งหลอด จำกัด,,,,,New Accounts,,QEast,0972512271,0970484198,,,,,,ชลบุรี,,,,,0205560041112,11000000,20231006T08:09:21+07:00,20250508T14:00:48+07:00,20251226T10:43:35+07:00,สุนิสา กล้าแข็ง,PPW 05k,1.2.2.1 โรงน้ำแข็ง,บริษัทจำกัด,10795,"98/10, 98/35 หมู่ที่ 6 ต.ห้วยใหญ่ อ.บางละมุง",,
3015191000033547300,เบญจภูมิ ทราฟฟิค,,0699AA,,,New Accounts,,QCentral,0-2927-8073,,024036559,,https://www.benchapoom.co.th,,,,,,,,0125541005786,10000000,20220422T16:04:33+07:00,20250916T11:00:54+07:00,20251229T10:07:39+07:00,วีรวรรณ รอบแคว้น,กุ้ง,2.2.3 สีทาถนน,บริษัทจำกัด,,30/8 หมู่ที่ 4 ต.บางใหญ่ อ.บางใหญ่ จ.นนทบุรี,,
3015191000065417000,เอโค่ ไฟเบอร์,,,,,New Accounts,,QWest,0979312423,,,,,,,สมุทรสงคราม,,,,,,,20240710T15:28:21+07:00,20240722T17:02:37+07:00,20251204T11:10:39+07:00,ชินดนัย ศรีธรรม,,2.1.4 ดินปลูก,นามบุคคล,,,,